{
  "train_loss": [
    0.7789672222358501,
    0.48657446724689557,
    0.39722004611760575,
    0.32812502624972767,
    0.29975420216850884,
    0.2661769449316113,
    0.25363829495101575,
    0.2303552045332675,
    0.23562710569394346,
    0.21163992741644777,
    0.19335643157658988,
    0.15025606874795938,
    0.05021123681834202,
    0.01875390877194752,
    0.012639162210833948,
    0.012090116754692319,
    0.009087383595992201,
    0.007215439508490215,
    0.003179608927484577,
    0.0022403151035888602,
    0.0036491709183099747,
    0.0021632300544875546,
    0.0016122072497968692,
    0.0017679366888324207,
    0.009204900279234084
  ],
  "train_acc": [
    0.7193708609271523,
    0.8617549668874173,
    0.8849337748344371,
    0.9213576158940397,
    0.9213576158940397,
    0.9329470198675497,
    0.9321192052980133,
    0.9412251655629139,
    0.9362582781456954,
    0.9461920529801324,
    0.9561258278145696,
    0.9552980132450332,
    0.9884105960264901,
    0.9983443708609272,
    0.9991721854304636,
    0.9983443708609272,
    0.9991721854304636,
    0.9991721854304636,
    1.0,
    1.0,
    1.0,
    1.0,
    1.0,
    1.0,
    0.9983443708609272
  ],
  "val_loss": [
    0.5710513406241966,
    0.4261200382614767,
    0.36988626726415774,
    0.3276775499053349,
    0.2953798161042447,
    0.28354512549788746,
    0.27091220968606455,
    0.2536731328790551,
    0.25526922763578147,
    0.23781666080683272,
    0.23869986388067535,
    0.1117054820554146,
    0.08875662385677265,
    0.056036610828576895,
    0.046837481164330286,
    0.0523242988309126,
    0.04104542384380536,
    0.03128567854688805,
    0.03112954931913425,
    0.02792660778369878,
    0.02370413299341569,
    0.03381183813171868,
    0.03309840528720015,
    0.03672395234415616,
    0.04549569822847843
  ],
  "val_acc": [
    0.804635761589404,
    0.8443708609271523,
    0.8774834437086093,
    0.8874172185430463,
    0.9105960264900662,
    0.890728476821192,
    0.9139072847682119,
    0.9072847682119205,
    0.9006622516556292,
    0.9271523178807947,
    0.9205298013245033,
    0.9701986754966887,
    0.9668874172185431,
    0.9900662251655629,
    0.9834437086092715,
    0.9867549668874173,
    0.9900662251655629,
    0.9900662251655629,
    0.9933774834437086,
    0.9933774834437086,
    0.9966887417218543,
    0.9900662251655629,
    0.9933774834437086,
    0.9900662251655629,
    0.9834437086092715
  ],
  "class_names": [
    "anode",
    "cathode",
    "nothing"
  ],
  "best_val_acc": 0.9966887417218543,
  "total_epochs": 25
}